user_id,course_id,rating
1,55,4
1,77,4
1,93,3
1,62,2
1,87,5
1,22,5
1,95,3
1,94,4
1,28,1
1,70,4
1,6,3
1,20,5
1,27,4
1,15,5
1,83,1
1,14,5
1,66,5
1,38,2
1,59,2
1,37,2
2,34,4
2,24,3
2,51,1
2,64,1
2,89,1
2,79,5
2,88,4
2,2,5
2,73,4
2,47,5
2,80,5
2,62,3
2,69,5
2,85,2
2,52,3
2,44,5
2,63,1
2,12,2
2,78,2
2,56,2
3,81,3
3,60,3
3,7,3
3,13,1
3,41,3
3,9,4
3,66,4
3,36,1
3,42,3
3,16,3
3,35,3
3,52,5
3,91,2
3,29,5
3,88,2
3,61,3
3,22,3
3,68,5
3,90,5
3,46,2
4,33,4
4,66,3
4,96,1
4,79,3
4,31,3
4,62,5
4,75,4
4,16,2
4,24,4
4,41,4
4,11,3
4,76,4
4,30,1
4,64,3
4,6,1
4,93,2
4,32,3
4,89,2
4,19,3
4,100,5
5,27,3
5,42,2
5,60,4
5,28,5
5,36,1
5,83,4
5,46,3
5,32,4
5,71,5
5,16,1
5,56,1
5,93,5
5,52,5
5,96,3
5,66,1
5,45,4
5,91,2
5,81,2
5,51,5
5,82,3
6,58,5
6,83,3
6,57,2
6,55,4
6,53,2
6,54,5
6,30,1
6,16,1
6,64,4
6,65,1
6,66,1
6,17,4
6,63,4
6,7,5
6,82,1
6,71,1
6,59,5
6,3,3
6,32,3
6,100,3
7,48,4
7,56,1
7,52,2
7,64,3
7,17,1
7,13,2
7,46,3
7,26,1
7,9,1
7,6,2
7,91,5
7,22,1
7,27,1
7,12,3
7,94,4
7,70,2
7,60,2
7,25,5
7,36,5
7,11,2
8,23,5
8,14,1
8,15,5
8,82,1
8,4,2
8,92,1
8,94,4
8,67,3
8,28,2
8,77,1
8,13,5
8,30,2
8,16,2
8,48,1
8,55,2
8,44,5
8,89,2
8,81,5
8,43,1
8,60,3
9,100,2
9,68,1
9,51,1
9,88,2
9,38,3
9,26,5
9,81,5
9,28,1
9,22,1
9,36,3
9,8,4
9,19,2
9,50,1
9,27,5
9,21,3
9,62,2
9,2,3
9,65,2
9,23,2
9,85,1
10,52,4
10,46,4
10,20,5
10,39,5
10,47,4
10,94,4
10,22,4
10,44,2
10,35,4
10,50,3
10,77,1
10,15,4
10,69,1
10,30,2
10,8,1
10,1,2
10,83,3
10,17,2
10,43,2
10,49,5
11,63,3
11,23,3
11,10,1
11,72,1
11,28,4
11,54,1
11,93,4
11,30,4
11,68,1
11,86,2
11,64,2
11,62,4
11,53,1
11,60,2
11,82,1
11,55,1
11,94,1
11,40,5
11,74,1
11,85,5
12,43,4
12,1,3
12,16,5
12,52,2
12,54,5
12,40,1
12,11,3
12,34,2
12,47,4
12,77,2
12,64,4
12,98,2
12,92,5
12,2,5
12,96,5
12,97,1
12,27,4
12,87,5
12,53,1
12,31,4
13,53,2
13,4,2
13,19,1
13,3,2
13,32,1
13,39,4
13,21,3
13,22,1
13,59,4
13,91,1
13,30,1
13,98,3
13,84,5
13,87,5
13,41,1
13,51,2
13,73,4
13,78,2
13,27,2
13,16,1
14,50,1
14,81,2
14,51,5
14,7,2
14,93,4
14,69,4
14,39,4
14,99,1
14,64,4
14,17,5
14,18,2
14,87,3
14,24,5
14,56,5
14,30,4
14,55,1
14,10,2
14,45,1
14,72,2
14,63,2
15,44,2
15,51,4
15,29,5
15,79,5
15,30,5
15,92,1
15,53,2
15,28,1
15,1,4
15,99,1
15,14,4
15,20,4
15,31,3
15,27,5
15,16,4
15,75,3
15,67,5
15,66,4
15,81,4
15,88,1
16,79,3
16,34,5
16,29,3
16,11,2
16,64,2
16,59,1
16,5,2
16,19,3
16,28,2
16,39,5
16,78,1
16,80,3
16,48,1
16,17,3
16,85,5
16,77,1
16,4,4
16,90,3
16,8,4
16,87,1
17,61,2
17,31,4
17,6,3
17,59,4
17,24,3
17,68,3
17,25,4
17,85,3
17,3,3
17,80,2
17,37,5
17,87,5
17,46,2
17,16,4
17,76,1
17,49,1
17,20,1
17,54,2
17,12,2
17,74,3
18,64,2
18,91,2
18,6,3
18,31,1
18,85,2
18,98,5
18,14,3
18,4,3
18,50,2
18,26,1
18,79,5
18,81,1
18,87,4
18,34,4
18,9,2
18,35,2
18,42,2
18,61,4
18,3,1
18,1,1
19,85,5
19,76,4
19,82,1
19,52,5
19,64,2
19,8,5
19,2,4
19,67,2
19,92,4
19,23,2
19,1,3
19,68,1
19,47,1
19,32,4
19,25,1
19,44,4
19,50,4
19,29,4
19,13,1
19,69,4
20,9,1
20,27,5
20,51,4
20,66,2
20,94,4
20,61,4
20,67,5
20,64,4
20,79,4
20,11,3
20,8,5
20,29,1
20,62,2
20,13,4
20,84,2
20,39,1
20,47,2
20,75,1
20,52,3
20,53,4
21,93,5
21,73,4
21,17,2
21,83,1
21,10,5
21,56,3
21,75,4
21,95,2
21,45,1
21,61,3
21,82,2
21,84,2
21,14,3
21,57,1
21,77,1
21,38,5
21,78,4
21,58,3
21,94,3
21,22,3
22,12,5
22,10,5
22,97,5
22,5,4
22,100,5
22,78,3
22,79,4
22,50,1
22,31,5
22,71,5
22,18,1
22,98,5
22,69,1
22,81,4
22,13,3
22,41,1
22,2,2
22,61,1
22,29,5
22,99,4
23,59,5
23,65,1
23,82,4
23,96,2
23,10,2
23,80,2
23,2,4
23,81,1
23,31,4
23,18,2
23,5,5
23,56,3
23,50,4
23,16,4
23,3,1
23,79,1
23,44,4
23,58,2
23,41,3
23,75,1
24,37,5
24,17,3
24,13,3
24,31,3
24,60,5
24,61,4
24,90,2
24,22,3
24,96,3
24,88,3
24,76,2
24,8,3
24,97,2
24,6,3
24,78,5
24,26,5
24,42,2
24,67,5
24,86,2
24,46,5
25,90,4
25,92,5
25,58,1
25,7,1
25,10,1
25,70,1
25,76,3
25,57,3
25,66,3
25,89,5
25,14,5
25,30,5
25,2,2
25,78,5
25,9,3
25,38,3
25,25,2
25,15,2
25,85,5
25,80,4
26,78,4
26,20,5
26,33,3
26,28,2
26,75,4
26,61,2
26,48,2
26,58,2
26,99,3
26,44,1
26,12,4
26,79,1
26,6,1
26,51,1
26,62,2
26,18,5
26,10,2
26,29,2
26,88,1
26,69,2
27,66,1
27,85,4
27,54,5
27,72,4
27,87,3
27,5,3
27,38,5
27,97,1
27,26,1
27,3,2
27,59,5
27,77,4
27,36,5
27,83,2
27,100,5
27,88,5
27,53,2
27,48,1
27,50,4
27,61,2
28,2,4
28,74,4
28,1,1
28,69,1
28,19,2
28,31,2
28,95,1
28,14,2
28,30,5
28,88,4
28,63,4
28,75,1
28,46,3
28,64,1
28,49,2
28,21,3
28,10,2
28,78,5
28,66,2
28,97,5
29,14,1
29,99,3
29,66,4
29,40,4
29,25,5
29,90,3
29,71,3
29,7,1
29,37,3
29,60,2
29,31,1
29,92,2
29,23,5
29,15,4
29,47,5
29,52,4
29,88,5
29,27,3
29,57,2
29,84,4
30,88,4
30,16,5
30,18,5
30,83,1
30,43,3
30,95,2
30,45,2
30,81,3
30,14,2
30,2,1
30,30,1
30,49,3
30,13,2
30,32,1
30,9,1
30,38,4
30,64,4
30,72,1
30,12,3
30,57,5
31,21,3
31,17,1
31,30,2
31,78,1
31,59,3
31,37,5
31,9,3
31,44,2
31,42,4
31,11,1
31,26,5
31,69,4
31,28,3
31,48,5
31,68,4
31,62,5
31,46,2
31,83,2
31,38,1
31,80,1
32,56,2
32,100,3
32,11,4
32,60,3
32,12,5
32,23,1
32,89,4
32,5,4
32,46,5
32,14,3
32,64,1
32,40,3
32,52,2
32,18,3
32,92,4
32,99,1
32,7,3
32,42,1
32,59,1
32,95,2
33,80,1
33,82,5
33,72,5
33,78,2
33,12,4
33,20,1
33,68,5
33,42,5
33,26,4
33,32,2
33,30,1
33,44,2
33,92,2
33,85,1
33,41,1
33,31,5
33,95,5
33,35,1
33,77,3
33,17,5
34,63,1
34,2,3
34,85,4
34,12,3
34,53,1
34,20,5
34,4,3
34,75,3
34,16,2
34,78,1
34,56,5
34,61,3
34,25,3
34,83,5
34,74,1
34,51,2
34,64,3
34,50,2
34,79,4
34,38,1
35,5,3
35,65,5
35,98,1
35,51,5
35,46,4
35,42,5
35,50,2
35,24,5
35,80,3
35,18,4
35,38,2
35,89,5
35,14,4
35,81,4
35,90,2
35,1,5
35,74,4
35,15,4
35,56,1
35,97,4
36,62,2
36,7,3
36,42,2
36,9,3
36,23,5
36,78,4
36,73,5
36,98,1
36,89,3
36,99,1
36,86,1
36,33,2
36,88,3
36,82,1
36,17,4
36,40,1
36,80,4
36,97,2
36,28,1
36,47,5
37,99,4
37,34,5
37,25,2
37,51,4
37,1,2
37,96,2
37,83,3
37,4,4
37,52,5
37,95,2
37,84,3
37,78,4
37,21,4
37,80,1
37,94,1
37,57,2
37,61,1
37,71,2
37,87,5
37,5,2
38,35,2
38,29,3
38,33,5
38,23,3
38,50,2
38,46,3
38,52,5
38,11,5
38,82,1
38,56,4
38,42,1
38,67,5
38,1,2
38,2,2
38,80,1
38,90,5
38,97,2
38,66,5
38,53,2
38,7,5
39,7,3
39,26,1
39,99,4
39,72,5
39,56,1
39,18,2
39,89,3
39,66,2
39,58,2
39,79,1
39,47,2
39,46,4
39,16,2
39,68,3
39,10,3
39,3,5
39,14,3
39,60,2
39,76,3
39,25,1
40,88,5
40,32,1
40,93,1
40,86,5
40,59,3
40,41,5
40,63,5
40,16,3
40,51,5
40,17,1
40,99,5
40,14,3
40,6,4
40,60,5
40,19,2
40,33,1
40,67,1
40,22,2
40,27,2
40,69,5
41,80,4
41,1,4
41,25,1
41,43,1
41,79,3
41,27,5
41,73,3
41,72,1
41,34,4
41,22,3
41,57,5
41,42,3
41,62,2
41,51,3
41,33,1
41,100,4
41,97,4
41,53,1
41,12,2
41,84,1
42,66,2
42,95,5
42,38,4
42,53,5
42,85,3
42,1,2
42,9,5
42,79,3
42,34,5
42,84,4
42,31,4
42,22,4
42,77,4
42,24,1
42,55,3
42,19,3
42,50,4
42,33,1
42,56,4
42,32,1
43,29,3
43,40,1
43,56,2
43,92,2
43,15,1
43,14,2
43,30,4
43,64,1
43,96,4
43,23,2
43,36,1
43,84,2
43,25,1
43,97,2
43,85,4
43,8,4
43,18,2
43,41,1
43,6,3
43,95,4
44,25,3
44,85,5
44,48,2
44,30,3
44,26,4
44,95,3
44,54,1
44,42,2
44,87,5
44,47,1
44,41,1
44,68,2
44,97,5
44,89,4
44,93,5
44,77,3
44,49,1
44,9,3
44,37,4
44,92,3
45,5,4
45,2,5
45,77,5
45,64,1
45,59,3
45,36,2
45,48,3
45,44,5
45,54,4
45,70,2
45,3,1
45,58,2
45,50,1
45,10,2
45,80,1
45,15,1
45,21,2
45,18,2
45,61,1
45,74,5
46,38,1
46,13,4
46,82,3
46,93,2
46,65,3
46,58,4
46,21,3
46,14,2
46,3,4
46,86,1
46,69,2
46,20,5
46,72,2
46,42,4
46,57,2
46,98,1
46,15,1
46,95,5
46,76,3
46,66,4
47,60,2
47,89,2
47,97,2
47,72,5
47,27,2
47,88,4
47,31,5
47,36,2
47,56,1
47,84,3
47,33,3
47,20,3
47,46,5
47,61,2
47,2,5
47,21,4
47,78,1
47,68,1
47,66,3
47,50,3
48,4,1
48,10,4
48,12,5
48,1,5
48,53,3
48,68,1
48,41,4
48,3,1
48,90,5
48,100,1
48,74,4
48,14,3
48,71,2
48,29,1
48,88,2
48,11,5
48,81,3
48,84,3
48,47,1
48,2,3
49,99,1
49,68,4
49,87,1
49,38,4
49,32,3
49,27,1
49,28,3
49,54,4
49,95,3
49,69,1
49,24,1
49,56,3
49,22,2
49,53,4
49,91,4
49,49,3
49,85,2
49,75,1
49,92,5
49,43,5
50,47,2
50,70,4
50,50,1
50,52,5
50,62,2
50,19,2
50,91,5
50,12,5
50,98,1
50,65,3
50,2,2
50,67,1
50,13,5
50,49,1
50,64,5
50,79,4
50,60,5
50,30,5
50,90,5
50,74,3
51,71,3
51,26,1
51,5,4
51,94,3
51,25,5
51,45,3
51,60,4
51,52,5
51,62,3
51,21,1
51,78,2
51,54,2
51,44,1
51,12,2
51,40,2
51,19,1
51,76,1
51,70,3
51,11,3
51,31,1
52,24,2
52,8,2
52,75,2
52,42,4
52,4,5
52,99,4
52,94,1
52,63,1
52,62,2
52,57,3
52,11,2
52,84,3
52,78,4
52,88,1
52,25,3
52,55,4
52,49,1
52,9,3
52,30,2
52,60,2
53,23,1
53,33,1
53,83,1
53,16,2
53,59,2
53,32,5
53,6,4
53,5,4
53,46,1
53,51,3
53,8,2
53,53,2
53,66,1
53,7,2
53,54,1
53,11,5
53,91,4
53,92,3
53,52,4
53,35,4
54,4,2
54,58,5
54,60,2
54,74,2
54,64,5
54,91,1
54,45,4
54,24,2
54,1,5
54,31,3
54,68,2
54,76,4
54,41,1
54,67,2
54,35,2
54,57,5
54,25,3
54,47,3
54,97,1
54,95,4
55,75,2
55,60,5
55,100,3
55,80,2
55,37,3
55,47,1
55,16,4
55,41,2
55,91,5
55,13,1
55,70,2
55,43,1
55,40,5
55,96,2
55,4,5
55,68,3
55,46,5
55,93,3
55,63,2
55,89,3
56,66,5
56,19,5
56,35,3
56,17,3
56,56,2
56,94,4
56,34,4
56,18,2
56,8,4
56,57,1
56,1,4
56,51,2
56,54,4
56,6,5
56,42,3
56,63,1
56,100,5
56,43,5
56,46,2
56,10,3
57,8,5
57,81,2
57,71,2
57,85,2
57,6,3
57,65,4
57,33,3
57,82,5
57,10,1
57,86,4
57,11,1
57,37,5
57,53,5
57,29,1
57,9,1
57,7,1
57,99,5
57,60,2
57,25,1
57,91,4
58,37,3
58,83,4
58,86,2
58,93,1
58,24,3
58,15,3
58,60,1
58,11,1
58,14,4
58,59,1
58,16,4
58,12,4
58,94,5
58,87,3
58,46,3
58,29,3
58,51,5
58,8,4
58,32,4
58,53,1
59,90,5
59,93,1
59,55,5
59,33,2
59,29,4
59,11,2
59,8,1
59,16,4
59,79,3
59,3,5
59,63,2
59,60,1
59,21,3
59,100,5
59,76,3
59,80,5
59,40,4
59,50,3
59,13,3
59,58,3
60,76,2
60,24,2
60,18,3
60,86,4
60,93,2
60,9,1
60,88,3
60,49,2
60,29,4
60,71,2
60,80,5
60,21,1
60,19,3
60,4,5
60,1,4
60,50,5
60,64,5
60,28,4
60,15,5
60,38,3
61,78,5
61,88,3
61,72,5
61,14,4
61,17,2
61,55,2
61,23,1
61,100,5
61,40,1
61,75,2
61,84,2
61,30,5
61,90,4
61,33,4
61,74,5
61,96,5
61,22,1
61,32,5
61,73,4
61,37,5
62,32,1
62,69,2
62,63,1
62,95,5
62,70,2
62,9,1
62,14,4
62,21,4
62,86,2
62,60,5
62,62,4
62,94,4
62,64,5
62,40,1
62,71,4
62,100,3
62,47,4
62,4,1
62,34,1
62,84,2
63,100,1
63,8,4
63,64,4
63,72,5
63,61,4
63,81,2
63,1,4
63,74,5
63,26,5
63,27,5
63,13,1
63,30,2
63,28,1
63,34,3
63,63,2
63,23,4
63,3,5
63,78,3
63,11,2
63,56,1
64,4,4
64,14,1
64,66,3
64,60,1
64,33,3
64,52,2
64,17,2
64,94,5
64,93,2
64,63,5
64,28,1
64,76,2
64,29,1
64,16,1
64,59,2
64,32,1
64,37,2
64,50,2
64,45,2
64,1,3
65,61,1
65,33,1
65,42,5
65,79,3
65,99,2
65,7,3
65,21,4
65,43,4
65,85,4
65,95,5
65,47,1
65,88,3
65,57,2
65,32,4
65,100,3
65,82,4
65,8,4
65,64,2
65,20,5
65,40,1
66,80,5
66,6,1
66,42,1
66,82,1
66,55,5
66,77,1
66,87,1
66,71,3
66,63,1
66,83,2
66,7,5
66,14,4
66,68,3
66,73,5
66,28,5
66,10,2
66,29,1
66,53,2
66,79,1
66,17,1
67,83,4
67,23,4
67,13,2
67,52,3
67,62,2
67,2,3
67,56,3
67,78,4
67,76,2
67,57,3
67,22,5
67,79,3
67,4,5
67,44,2
67,98,2
67,48,2
67,64,3
67,86,1
67,77,3
67,96,3
68,47,2
68,16,1
68,26,5
68,74,2
68,91,4
68,92,4
68,20,5
68,77,2
68,79,4
68,5,2
68,84,2
68,19,4
68,97,1
68,62,4
68,33,5
68,36,3
68,94,4
68,41,2
68,52,2
68,3,4
69,12,1
69,51,1
69,76,4
69,38,5
69,55,1
69,4,1
69,13,4
69,36,1
69,42,5
69,35,5
69,84,5
69,79,2
69,81,5
69,31,5
69,73,2
69,50,3
69,16,1
69,99,5
69,26,1
69,65,4
70,32,1
70,92,2
70,76,4
70,79,3
70,81,4
70,54,2
70,19,5
70,99,1
70,18,3
70,51,5
70,83,2
70,47,4
70,6,1
70,70,3
70,65,5
70,38,5
70,3,1
70,60,4
70,89,2
70,96,4
71,1,2
71,19,4
71,57,3
71,45,1
71,100,1
71,66,4
71,13,5
71,36,2
71,26,1
71,87,1
71,21,4
71,53,5
71,92,5
71,61,4
71,81,1
71,65,2
71,29,1
71,96,5
71,28,1
71,2,2
72,77,4
72,81,4
72,70,4
72,67,5
72,45,5
72,84,5
72,48,1
72,96,2
72,90,4
72,86,1
72,79,4
72,36,1
72,47,5
72,54,4
72,22,5
72,95,4
72,17,3
72,14,1
72,58,3
72,32,1
73,53,2
73,90,4
73,94,2
73,14,3
73,76,2
73,54,2
73,75,5
73,16,3
73,29,1
73,65,2
73,19,1
73,71,3
73,59,2
73,4,5
73,34,4
73,60,5
73,20,5
73,21,4
73,85,4
73,69,4
74,81,4
74,13,4
74,44,2
74,25,3
74,67,1
74,48,2
74,57,4
74,8,5
74,46,4
74,61,5
74,84,1
74,21,5
74,94,2
74,45,5
74,64,3
74,79,2
74,23,1
74,5,2
74,31,3
74,50,1
75,52,5
75,82,1
75,95,3
75,97,4
75,99,1
75,68,2
75,79,5
75,72,1
75,86,4
75,3,4
75,30,2
75,27,1
75,44,3
75,32,1
75,19,4
75,24,2
75,11,2
75,83,3
75,75,2
75,17,2
76,89,4
76,79,2
76,12,1
76,47,2
76,34,2
76,97,2
76,18,2
76,45,1
76,14,5
76,62,3
76,24,4
76,54,3
76,98,3
76,3,4
76,4,1
76,88,4
76,10,1
76,77,3
76,99,1
76,87,5
77,21,1
77,54,2
77,5,1
77,88,5
77,51,5
77,38,1
77,50,5
77,45,4
77,29,5
77,84,1
77,70,3
77,79,4
77,64,2
77,99,1
77,92,2
77,80,3
77,95,2
77,22,1
77,6,1
77,46,3
78,70,3
78,94,1
78,6,4
78,80,4
78,61,5
78,48,2
78,35,5
78,7,1
78,95,4
78,31,1
78,96,1
78,53,2
78,98,1
78,29,4
78,82,5
78,91,4
78,79,2
78,60,4
78,22,3
78,19,5
79,32,3
79,98,3
79,64,4
79,87,1
79,93,5
79,92,4
79,49,2
79,14,2
79,75,2
79,57,4
79,5,5
79,46,3
79,34,1
79,19,3
79,29,5
79,51,3
79,2,4
79,1,2
79,79,5
79,84,5
80,95,4
80,65,2
80,16,3
80,40,5
80,52,3
80,12,2
80,100,1
80,69,4
80,73,5
80,96,1
80,32,1
80,85,3
80,71,2
80,42,3
80,79,2
80,63,3
80,57,1
80,33,4
80,4,2
80,55,5
81,76,3
81,90,3
81,50,2
81,7,5
81,22,2
81,34,3
81,27,4
81,23,1
81,62,3
81,39,5
81,40,3
81,63,5
81,68,5
81,66,5
81,72,2
81,91,4
81,55,3
81,73,4
81,16,1
81,45,3
82,10,1
82,91,2
82,57,4
82,49,5
82,41,4
82,78,1
82,56,5
82,51,3
82,87,5
82,5,4
82,85,2
82,20,3
82,68,4
82,12,3
82,1,5
82,62,1
82,89,4
82,25,2
82,52,5
82,6,4
83,69,5
83,83,5
83,34,4
83,100,2
83,75,5
83,71,1
83,15,5
83,62,1
83,8,4
83,36,5
83,98,4
83,27,4
83,80,2
83,7,5
83,30,1
83,40,1
83,94,5
83,2,2
83,88,2
83,54,2
84,63,3
84,58,4
84,86,5
84,10,3
84,52,3
84,97,4
84,15,1
84,78,3
84,75,5
84,53,1
84,35,1
84,36,1
84,89,3
84,57,1
84,77,4
84,34,1
84,11,5
84,83,2
84,28,5
84,7,3
85,70,5
85,28,1
85,75,3
85,11,5
85,15,5
85,68,1
85,99,1
85,67,1
85,24,3
85,97,5
85,20,2
85,78,2
85,92,5
85,21,5
85,31,5
85,26,5
85,19,3
85,4,2
85,42,4
85,79,2
86,44,1
86,7,4
86,42,1
86,25,4
86,73,1
86,89,4
86,20,1
86,72,2
86,51,5
86,18,1
86,38,5
86,52,2
86,76,2
86,70,4
86,59,5
86,49,3
86,69,4
86,12,5
86,28,1
86,57,1
87,36,4
87,69,1
87,8,4
87,77,1
87,56,4
87,9,2
87,93,4
87,92,5
87,75,1
87,43,3
87,79,5
87,14,1
87,97,1
87,20,3
87,15,2
87,88,5
87,11,3
87,34,3
87,64,2
87,2,5
88,81,3
88,79,5
88,95,4
88,70,1
88,5,4
88,34,4
88,14,3
88,94,1
88,69,4
88,30,3
88,61,1
88,49,2
88,99,3
88,71,5
88,100,1
88,67,4
88,87,4
88,92,5
88,25,5
88,53,4
89,69,2
89,88,1
89,84,4
89,14,4
89,93,5
89,81,2
89,99,3
89,1,2
89,48,1
89,16,4
89,50,1
89,42,5
89,58,4
89,59,3
89,28,4
89,83,2
89,31,2
89,25,4
89,18,5
89,78,2
90,14,2
90,86,3
90,89,5
90,79,3
90,92,4
90,54,2
90,56,5
90,36,4
90,30,1
90,58,4
90,67,3
90,42,2
90,59,2
90,81,4
90,19,1
90,44,3
90,50,4
90,69,4
90,18,2
90,31,3
91,12,4
91,76,1
91,56,1
91,41,5
91,21,5
91,96,2
91,58,4
91,13,2
91,28,4
91,33,1
91,37,2
91,48,5
91,78,2
91,24,2
91,85,1
91,20,5
91,26,5
91,38,3
91,65,3
91,8,3
92,96,5
92,72,2
92,31,5
92,14,1
92,44,4
92,60,2
92,11,3
92,43,1
92,9,1
92,41,5
92,27,1
92,71,2
92,85,5
92,88,1
92,75,3
92,36,2
92,19,3
92,66,3
92,77,5
92,49,4
93,48,5
93,71,3
93,83,1
93,59,1
93,80,1
93,10,4
93,94,5
93,100,5
93,49,4
93,35,2
93,79,4
93,82,1
93,96,4
93,7,1
93,34,3
93,33,1
93,73,5
93,15,4
93,95,1
93,77,2
94,34,1
94,81,2
94,84,1
94,57,3
94,10,5
94,2,1
94,83,1
94,86,2
94,73,3
94,79,1
94,46,5
94,17,5
94,92,1
94,28,3
94,59,5
94,21,5
94,68,3
94,58,3
94,100,1
94,96,4
95,52,3
95,74,4
95,79,4
95,63,4
95,46,5
95,23,4
95,78,5
95,14,5
95,2,3
95,37,1
95,30,5
95,32,2
95,88,4
95,75,2
95,19,4
95,38,3
95,28,5
95,48,1
95,50,5
95,66,4
96,62,5
96,58,5
96,72,4
96,90,5
96,56,1
96,98,1
96,93,1
96,54,2
96,29,5
96,16,1
96,13,4
96,61,2
96,65,4
96,39,5
96,48,3
96,87,4
96,32,3
96,94,2
96,35,4
96,18,4
97,30,4
97,27,5
97,76,4
97,14,5
97,72,1
97,97,4
97,24,1
97,57,5
97,41,2
97,85,4
97,18,1
97,36,4
97,93,4
97,21,4
97,50,3
97,52,1
97,54,1
97,5,4
97,32,2
97,1,4
98,51,5
98,68,3
98,27,4
98,100,4
98,7,2
98,82,4
98,92,5
98,89,1
98,4,2
98,83,4
98,45,5
98,34,3
98,18,4
98,40,1
98,32,1
98,24,4
98,63,4
98,33,5
98,29,4
98,80,3
99,85,3
99,52,4
99,2,4
99,43,1
99,81,1
99,4,1
99,63,5
99,6,4
99,36,1
99,99,2
99,71,5
99,16,3
99,84,4
99,20,4
99,83,2
99,1,3
99,79,3
99,33,5
99,47,4
99,59,1
100,98,1
100,97,2
100,3,3
100,88,4
100,66,4
100,62,3
100,58,4
100,10,2
100,76,5
100,32,1
100,80,3
100,18,1
100,47,5
100,1,3
100,30,5
100,49,4
100,39,4
100,42,4
100,64,5
100,74,5
101,65,3
101,96,1
101,43,2
101,35,1
101,84,3
101,29,5
101,25,5
101,55,3
101,24,3
101,75,2
101,90,4
101,46,1
101,60,1
101,74,5
101,77,5
101,5,2
101,64,3
101,15,1
101,31,2
101,14,5
102,41,5
102,51,4
102,82,3
102,92,5
102,71,2
102,83,5
102,46,1
102,63,1
102,86,4
102,7,5
102,67,2
102,91,1
102,84,2
102,9,3
102,14,1
102,15,4
102,25,3
102,3,5
102,6,2
102,31,1
103,78,3
103,49,2
103,39,3
103,92,4
103,25,3
103,54,4
103,2,3
103,64,5
103,75,4
103,76,2
103,18,5
103,23,3
103,50,4
103,21,5
103,89,2
103,60,4
103,91,5
103,30,5
103,70,5
103,68,1
104,76,2
104,73,3
104,43,2
104,39,5
104,98,2
104,53,3
104,20,3
104,35,1
104,94,3
104,28,2
104,45,1
104,52,3
104,9,3
104,31,5
104,19,1
104,46,5
104,25,5
104,32,5
104,82,4
104,70,5
105,37,4
105,67,1
105,23,1
105,30,4
105,6,1
105,35,1
105,77,2
105,83,5
105,34,5
105,46,5
105,11,3
105,86,2
105,64,5
105,95,5
105,61,2
105,52,1
105,96,5
105,17,1
105,76,5
105,5,4
106,2,5
106,29,4
106,69,3
106,93,5
106,24,1
106,91,2
106,55,3
106,79,5
106,39,5
106,12,3
106,72,2
106,97,4
106,65,1
106,77,5
106,96,2
106,35,1
106,100,3
106,3,5
106,15,4
106,88,3
107,24,5
107,25,2
107,7,2
107,16,4
107,68,3
107,39,4
107,87,5
107,83,2
107,50,2
107,17,2
107,32,1
107,92,5
107,14,2
107,6,5
107,79,2
107,74,3
107,66,5
107,46,4
107,11,1
107,93,4
108,25,4
108,58,5
108,78,3
108,18,3
108,44,5
108,86,3
108,20,5
108,85,3
108,93,2
108,43,5
108,92,4
108,66,2
108,9,4
108,30,3
108,91,4
108,80,2
108,90,5
108,33,1
108,70,4
108,22,1
109,74,4
109,15,3
109,99,4
109,58,4
109,69,3
109,2,2
109,56,1
109,59,1
109,49,1
109,45,1
109,54,5
109,42,1
109,64,3
109,71,1
109,84,4
109,30,1
109,4,2
109,28,3
109,57,3
109,32,5
110,47,3
110,76,2
110,99,4
110,11,2
110,46,5
110,87,4
110,28,4
110,93,1
110,6,5
110,65,1
110,96,1
110,49,3
110,91,1
110,2,2
110,61,4
110,59,1
110,97,2
110,41,5
110,33,4
110,92,5
111,76,2
111,11,4
111,73,2
111,46,1
111,4,5
111,24,5
111,21,1
111,7,4
111,79,5
111,91,4
111,10,5
111,42,4
111,35,5
111,49,4
111,1,2
111,5,4
111,44,2
111,74,2
111,54,1
111,15,2
112,1,4
112,21,2
112,3,3
112,18,1
112,57,5
112,7,4
112,10,3
112,89,1
112,5,5
112,25,1
112,13,3
112,55,2
112,98,5
112,94,1
112,73,2
112,63,4
112,70,3
112,72,3
112,8,5
112,44,1
113,41,5
113,69,1
113,44,4
113,97,4
113,49,1
113,29,3
113,56,3
113,23,2
113,32,1
113,21,1
113,10,5
113,1,3
113,87,3
113,26,1
113,11,2
113,9,1
113,12,2
113,40,3
113,64,5
113,89,4
114,81,1
114,51,1
114,14,5
114,5,2
114,73,5
114,59,1
114,67,4
114,70,2
114,34,4
114,10,5
114,65,3
114,3,4
114,49,5
114,77,5
114,23,5
114,75,3
114,11,3
114,74,3
114,40,2
114,90,3
115,92,4
115,26,3
115,73,2
115,70,3
115,96,5
115,5,2
115,16,5
115,28,1
115,75,3
115,56,4
115,46,2
115,39,3
115,15,4
115,64,1
115,32,2
115,67,5
115,81,1
115,4,4
115,17,2
115,30,2
116,3,2
116,59,4
116,5,1
116,75,4
116,27,3
116,95,1
116,35,4
116,56,1
116,38,3
116,70,5
116,80,2
116,10,4
116,45,3
116,29,3
116,91,1
116,4,1
116,73,2
116,82,1
116,39,4
116,68,4
117,61,2
117,65,3
117,62,2
117,99,3
117,37,3
117,85,1
117,88,1
117,90,1
117,8,2
117,42,4
117,48,3
117,77,5
117,25,1
117,45,2
117,54,2
117,83,2
117,19,5
117,74,5
117,89,1
117,52,5
118,10,5
118,17,1
118,69,1
118,32,3
118,93,2
118,2,1
118,70,5
118,53,4
118,38,4
118,30,3
118,82,4
118,36,1
118,31,4
118,89,1
118,76,1
118,96,2
118,94,3
118,79,5
118,60,1
118,11,3
119,12,3
119,92,4
119,74,2
119,78,4
119,75,2
119,90,1
119,47,4
119,25,2
119,5,5
119,23,5
119,3,2
119,57,4
119,86,4
119,72,1
119,99,1
119,69,3
119,11,1
119,59,4
119,15,3
119,24,1
120,75,2
120,68,2
120,29,1
120,30,2
120,54,5
120,15,4
120,53,2
120,37,2
120,62,3
120,96,2
120,85,5
120,11,4
120,21,3
120,47,1
120,45,1
120,66,4
120,31,1
120,46,5
120,78,2
120,38,4
121,4,2
121,94,4
121,81,3
121,18,4
121,66,3
121,39,2
121,76,4
121,47,5
121,27,3
121,64,2
121,59,1
121,82,3
121,78,3
121,58,5
121,100,3
121,38,3
121,97,5
121,92,5
121,86,4
121,50,2
122,90,4
122,58,1
122,82,2
122,8,5
122,53,2
122,44,5
122,75,5
122,78,2
122,79,3
122,97,4
122,23,1
122,27,1
122,99,1
122,33,2
122,72,2
122,67,3
122,43,1
122,13,3
122,87,1
122,93,2
123,63,1
123,38,4
123,90,2
123,47,2
123,26,3
123,12,4
123,22,4
123,58,4
123,65,2
123,17,4
123,78,1
123,86,5
123,27,4
123,51,5
123,66,2
123,95,4
123,89,3
123,18,2
123,56,1
123,97,1
124,34,1
124,56,4
124,17,5
124,35,5
124,90,2
124,11,2
124,61,1
124,55,5
124,71,5
124,74,2
124,77,3
124,16,1
124,36,5
124,38,4
124,41,4
124,42,3
124,96,2
124,76,2
124,45,2
124,98,4
125,41,5
125,18,1
125,39,2
125,38,1
125,42,4
125,80,3
125,70,1
125,26,5
125,72,4
125,17,3
125,20,4
125,44,2
125,4,3
125,59,5
125,22,3
125,81,5
125,52,2
125,45,5
125,58,4
125,2,1
126,64,5
126,38,2
126,34,3
126,33,1
126,35,1
126,75,5
126,59,3
126,52,5
126,7,3
126,98,3
126,80,5
126,49,3
126,41,2
126,3,3
126,84,3
126,91,5
126,57,1
126,92,4
126,26,3
126,17,4
127,56,3
127,6,1
127,31,4
127,63,5
127,3,3
127,99,1
127,11,2
127,52,1
127,12,2
127,57,5
127,5,5
127,33,1
127,24,1
127,10,2
127,42,2
127,94,3
127,51,3
127,78,3
127,97,1
127,25,3
128,19,4
128,25,2
128,36,3
128,7,4
128,6,5
128,44,5
128,11,1
128,88,2
128,5,1
128,57,3
128,21,4
128,41,5
128,73,2
128,66,5
128,13,1
128,69,1
128,55,4
128,24,2
128,48,2
128,52,4
129,80,4
129,35,4
129,84,5
129,19,3
129,92,4
129,75,3
129,44,2
129,72,4
129,8,3
129,67,2
129,18,5
129,26,4
129,91,5
129,49,2
129,38,5
129,54,5
129,11,1
129,30,2
129,81,5
129,16,3
130,79,4
130,11,3
130,74,5
130,68,2
130,77,3
130,3,1
130,83,4
130,97,5
130,81,2
130,87,1
130,69,3
130,98,4
130,99,3
130,27,3
130,65,2
130,91,1
130,28,5
130,14,2
130,13,4
130,9,3
131,80,1
131,5,2
131,26,3
131,91,5
131,43,2
131,81,5
131,2,4
131,9,5
131,96,2
131,20,5
131,41,1
131,45,2
131,74,3
131,19,5
131,66,1
131,62,4
131,17,4
131,38,5
131,92,4
131,12,3
132,8,5
132,42,2
132,60,5
132,98,3
132,56,4
132,70,5
132,47,2
132,6,4
132,91,5
132,32,1
132,65,5
132,54,3
132,97,4
132,68,3
132,48,1
132,55,1
132,80,3
132,64,4
132,38,1
132,5,1
133,83,4
133,29,3
133,31,4
133,46,5
133,40,5
133,1,5
133,59,2
133,61,2
133,91,2
133,58,2
133,16,2
133,75,2
133,74,2
133,41,5
133,85,1
133,70,2
133,99,5
133,100,1
133,38,2
133,81,1
134,59,4
134,98,5
134,65,5
134,2,3
134,93,4
134,36,5
134,87,2
134,64,2
134,22,4
134,18,3
134,86,3
134,12,5
134,5,4
134,10,2
134,28,5
134,91,5
134,19,1
134,46,4
134,11,5
134,31,2
135,15,3
135,61,5
135,19,1
135,38,2
135,1,3
135,58,1
135,46,1
135,82,2
135,41,2
135,70,4
135,45,5
135,95,3
135,86,5
135,39,3
135,90,1
135,93,2
135,80,2
135,87,1
135,30,1
135,67,3
136,20,2
136,28,2
136,64,3
136,83,5
136,79,4
136,60,3
136,21,1
136,57,5
136,69,5
136,8,2
136,4,5
136,41,5
136,72,1
136,91,3
136,80,5
136,52,2
136,78,3
136,13,2
136,25,5
136,99,3
137,29,1
137,78,3
137,49,4
137,27,5
137,83,4
137,67,5
137,57,5
137,13,4
137,16,1
137,75,2
137,70,1
137,53,2
137,98,3
137,73,5
137,20,4
137,15,3
137,100,2
137,72,1
137,56,4
137,23,5
138,55,3
138,42,1
138,69,1
138,35,5
138,70,5
138,13,1
138,27,4
138,34,4
138,88,1
138,91,4
138,20,1
138,16,5
138,80,2
138,54,3
138,24,4
138,79,4
138,59,5
138,99,4
138,61,1
138,62,1
139,91,3
139,69,1
139,52,1
139,53,3
139,85,2
139,11,1
139,81,3
139,93,4
139,29,5
139,13,1
139,76,4
139,43,1
139,80,2
139,82,3
139,95,1
139,92,3
139,31,1
139,1,2
139,50,2
139,65,4
140,42,4
140,77,2
140,3,5
140,58,2
140,94,4
140,23,2
140,4,4
140,24,5
140,67,1
140,27,1
140,52,2
140,64,4
140,29,1
140,99,4
140,31,5
140,54,2
140,89,4
140,22,2
140,57,4
140,81,4
141,79,2
141,17,3
141,9,5
141,8,4
141,38,5
141,42,5
141,6,5
141,10,5
141,13,4
141,63,4
141,57,5
141,32,3
141,88,5
141,75,4
141,67,2
141,33,5
141,66,5
141,82,5
141,85,5
141,60,1
142,2,1
142,40,4
142,87,2
142,12,1
142,63,5
142,46,1
142,93,4
142,76,5
142,68,1
142,55,4
142,22,4
142,97,2
142,35,1
142,47,4
142,10,3
142,17,4
142,96,2
142,4,4
142,82,1
142,39,1
143,5,5
143,54,4
143,9,2
143,30,4
143,96,3
143,56,3
143,1,1
143,49,3
143,58,2
143,60,1
143,80,2
143,27,2
143,65,3
143,11,3
143,19,2
143,36,3
143,87,3
143,28,3
143,67,4
143,95,2
144,26,5
144,9,5
144,56,1
144,53,1
144,39,3
144,16,3
144,89,3
144,68,2
144,48,4
144,21,2
144,38,5
144,10,1
144,18,5
144,96,5
144,23,1
144,13,5
144,22,3
144,54,1
144,84,5
144,59,3
145,2,2
145,93,4
145,21,4
145,33,3
145,35,5
145,47,1
145,62,4
145,51,4
145,20,1
145,25,2
145,13,2
145,42,4
145,76,2
145,32,1
145,40,4
145,34,1
145,38,2
145,26,1
145,24,2
145,96,2
146,92,3
146,97,5
146,30,1
146,36,1
146,42,1
146,63,5
146,11,4
146,58,5
146,98,5
146,71,1
146,18,5
146,16,1
146,1,4
146,34,3
146,33,1
146,68,2
146,7,3
146,51,4
146,59,3
146,32,1
147,88,3
147,96,4
147,82,4
147,26,4
147,72,3
147,73,4
147,61,5
147,29,1
147,87,2
147,80,5
147,6,4
147,2,1
147,59,2
147,25,5
147,70,2
147,12,3
147,28,4
147,55,5
147,68,5
147,45,1
148,22,2
148,43,1
148,25,1
148,73,3
148,99,4
148,16,4
148,30,5
148,11,1
148,28,2
148,84,2
148,90,3
148,69,2
148,4,4
148,79,4
148,65,1
148,26,3
148,5,2
148,87,1
148,94,5
148,8,5
149,74,5
149,72,2
149,59,2
149,76,2
149,63,1
149,42,3
149,46,2
149,4,2
149,45,1
149,70,1
149,23,5
149,91,4
149,71,2
149,21,4
149,85,1
149,89,1
149,8,5
149,98,3
149,60,1
149,53,2
150,96,1
150,58,3
150,80,1
150,77,2
150,71,5
150,27,2
150,64,4
150,95,2
150,84,3
150,97,3
150,39,3
150,60,1
150,33,3
150,75,2
150,18,5
150,52,3
150,79,2
150,41,1
150,67,1
150,2,5
151,26,4
151,70,3
151,3,1
151,47,4
151,39,5
151,14,2
151,46,4
151,25,5
151,16,1
151,11,1
151,61,5
151,65,5
151,22,2
151,91,1
151,62,5
151,33,3
151,55,3
151,35,5
151,74,2
151,88,1
152,36,3
152,93,3
152,41,1
152,19,5
152,74,2
152,29,1
152,75,5
152,9,1
152,58,4
152,23,1
152,72,1
152,38,4
152,3,2
152,85,5
152,55,3
152,31,2
152,25,1
152,1,3
152,84,4
152,7,2
153,90,3
153,52,4
153,63,3
153,31,3
153,67,2
153,46,4
153,9,4
153,92,5
153,76,2
153,93,4
153,49,2
153,54,2
153,4,2
153,8,1
153,38,4
153,99,2
153,40,1
153,7,1
153,11,3
153,12,3
154,32,3
154,14,3
154,46,1
154,69,5
154,74,4
154,80,2
154,84,2
154,19,2
154,34,3
154,73,4
154,27,2
154,55,2
154,83,1
154,17,5
154,37,5
154,53,5
154,18,1
154,2,3
154,25,1
154,100,2
155,35,2
155,64,4
155,51,4
155,96,5
155,77,4
155,42,3
155,100,2
155,88,2
155,7,2
155,12,3
155,60,1
155,54,3
155,41,2
155,20,2
155,53,2
155,79,4
155,4,1
155,84,3
155,10,2
155,78,5
156,52,1
156,58,1
156,36,2
156,71,3
156,59,1
156,68,3
156,88,1
156,74,3
156,95,4
156,82,4
156,11,3
156,96,1
156,70,2
156,5,3
156,39,5
156,60,2
156,63,5
156,43,3
156,41,1
156,92,5
157,50,5
157,88,5
157,98,4
157,22,4
157,7,2
157,73,1
157,39,2
157,37,1
157,78,2
157,86,3
157,12,3
157,68,1
157,21,4
157,4,1
157,66,2
157,35,5
157,79,3
157,64,5
157,56,3
157,84,2
158,36,5
158,9,5
158,49,2
158,29,1
158,54,5
158,59,1
158,63,2
158,16,1
158,39,3
158,2,2
158,87,2
158,100,5
158,17,5
158,89,5
158,96,3
158,97,3
158,46,4
158,61,2
158,58,5
158,70,2
159,81,1
159,84,1
159,44,4
159,16,2
159,94,5
159,65,2
159,26,4
159,31,4
159,48,2
159,39,3
159,76,4
159,78,5
159,96,2
159,89,3
159,28,2
159,14,3
159,35,3
159,98,5
159,72,4
159,13,3
160,71,4
160,84,3
160,77,4
160,81,5
160,39,4
160,100,1
160,3,3
160,87,1
160,25,2
160,20,2
160,64,4
160,7,3
160,8,3
160,29,3
160,14,3
160,76,4
160,13,1
160,52,4
160,57,1
160,96,5
161,96,3
161,91,1
161,14,2
161,5,1
161,93,4
161,11,5
161,83,5
161,1,4
161,50,1
161,18,1
161,65,4
161,16,3
161,33,3
161,48,2
161,80,1
161,74,1
161,63,4
161,32,4
161,60,3
161,58,1
162,61,2
162,22,3
162,59,1
162,12,3
162,5,1
162,66,4
162,87,2
162,70,1
162,97,3
162,100,3
162,78,4
162,44,5
162,42,5
162,95,3
162,28,5
162,25,2
162,72,5
162,64,2
162,76,3
162,4,3
163,33,2
163,91,5
163,64,5
163,94,3
163,31,2
163,4,3
163,1,1
163,60,5
163,56,1
163,78,3
163,100,4
163,74,5
163,57,4
163,85,2
163,14,5
163,81,1
163,27,4
163,36,2
163,38,5
163,63,2
164,67,4
164,43,5
164,10,3
164,24,5
164,32,4
164,92,3
164,62,3
164,13,5
164,12,4
164,55,5
164,59,1
164,14,1
164,90,3
164,99,5
164,33,1
164,97,2
164,89,1
164,96,5
164,84,5
164,4,1
165,90,5
165,77,4
165,30,3
165,25,5
165,23,2
165,5,1
165,31,1
165,43,1
165,84,3
165,53,5
165,40,1
165,2,1
165,82,4
165,72,5
165,19,5
165,26,4
165,98,5
165,41,2
165,81,3
165,92,4
166,60,1
166,99,1
166,82,1
166,62,4
166,76,1
166,69,3
166,97,2
166,75,4
166,94,3
166,52,3
166,66,5
166,90,5
166,29,3
166,87,5
166,68,2
166,8,2
166,83,5
166,71,1
166,3,3
166,12,2
167,12,4
167,59,4
167,45,3
167,84,4
167,91,5
167,74,3
167,93,1
167,33,2
167,11,1
167,53,5
167,24,3
167,62,1
167,42,3
167,86,4
167,68,2
167,85,5
167,1,1
167,99,2
167,3,5
167,75,5
168,55,4
168,29,1
168,82,1
168,76,1
168,6,5
168,4,4
168,65,4
168,24,1
168,27,2
168,1,2
168,19,4
168,64,4
168,23,3
168,9,4
168,74,1
168,38,5
168,66,4
168,85,4
168,51,1
168,47,3
169,39,2
169,42,5
169,84,4
169,9,1
169,96,1
169,49,5
169,27,2
169,88,4
169,52,2
169,44,2
169,92,5
169,63,4
169,79,5
169,50,5
169,58,1
169,47,5
169,62,3
169,31,4
169,35,1
169,6,4
170,25,4
170,21,3
170,39,4
170,14,5
170,26,3
170,53,3
170,63,4
170,71,2
170,86,4
170,12,3
170,80,3
170,78,2
170,77,1
170,50,2
170,79,1
170,92,3
170,20,5
170,2,5
170,100,4
170,48,2
171,89,2
171,52,3
171,72,2
171,57,5
171,95,5
171,20,3
171,75,2
171,63,3
171,93,2
171,51,2
171,30,5
171,79,4
171,1,1
171,31,1
171,19,3
171,4,1
171,38,5
171,78,4
171,60,2
171,94,2
172,10,2
172,33,4
172,6,2
172,15,2
172,57,4
172,94,5
172,40,4
172,12,1
172,49,1
172,20,2
172,43,4
172,85,4
172,54,4
172,84,5
172,99,3
172,51,3
172,9,3
172,29,5
172,27,4
172,35,3
173,94,5
173,2,2
173,18,2
173,56,2
173,12,2
173,7,5
173,99,1
173,76,3
173,27,3
173,61,2
173,54,1
173,65,4
173,91,1
173,13,4
173,100,3
173,72,1
173,68,1
173,37,3
173,48,1
173,4,4
174,64,5
174,70,5
174,49,2
174,74,2
174,91,4
174,80,5
174,28,3
174,22,2
174,39,1
174,43,5
174,58,3
174,27,3
174,90,3
174,76,1
174,79,2
174,11,3
174,20,2
174,4,4
174,75,1
174,50,2
175,24,1
175,65,2
175,68,3
175,81,4
175,43,4
175,97,4
175,57,3
175,35,5
175,70,1
175,5,4
175,19,2
175,77,1
175,22,2
175,76,1
175,37,1
175,98,2
175,85,2
175,13,1
175,31,4
175,75,2
176,93,4
176,76,5
176,26,5
176,88,4
176,51,2
176,39,5
176,60,1
176,4,4
176,85,2
176,69,4
176,32,3
176,31,1
176,96,3
176,34,5
176,33,5
176,30,3
176,48,3
176,16,5
176,83,2
176,21,1
177,34,3
177,15,5
177,98,4
177,99,1
177,16,3
177,40,1
177,26,5
177,57,1
177,72,3
177,97,2
177,23,3
177,52,1
177,67,5
177,75,4
177,60,4
177,3,5
177,63,1
177,12,5
177,46,1
177,79,3
178,29,4
178,36,2
178,40,2
178,85,2
178,57,3
178,23,2
178,26,1
178,7,2
178,63,5
178,73,5
178,74,2
178,37,2
178,69,5
178,92,2
178,55,4
178,99,5
178,16,3
178,2,5
178,83,1
178,28,4
179,13,4
179,18,4
179,64,1
179,1,1
179,74,2
179,96,1
179,4,3
179,39,2
179,41,3
179,84,1
179,37,2
179,61,4
179,71,5
179,50,4
179,66,3
179,6,4
179,38,4
179,45,5
179,21,5
179,68,4
180,18,2
180,80,1
180,94,4
180,55,1
180,70,2
180,73,4
180,11,4
180,61,5
180,43,4
180,59,4
180,9,1
180,72,4
180,46,3
180,21,5
180,57,5
180,54,4
180,30,1
180,23,5
180,25,5
180,15,3
181,58,2
181,56,4
181,11,2
181,14,2
181,62,3
181,43,1
181,9,3
181,66,1
181,61,5
181,92,3
181,41,4
181,19,1
181,15,3
181,31,4
181,1,2
181,7,5
181,24,5
181,96,2
181,44,3
181,86,2
182,79,2
182,70,3
182,62,5
182,90,1
182,17,5
182,13,5
182,74,5
182,63,5
182,22,2
182,65,5
182,69,5
182,52,2
182,59,4
182,35,2
182,53,3
182,23,2
182,93,4
182,43,3
182,55,3
182,73,1
183,94,2
183,28,3
183,47,1
183,89,3
183,67,2
183,69,5
183,42,3
183,72,2
183,90,2
183,7,5
183,68,5
183,66,5
183,76,1
183,95,2
183,70,5
183,41,1
183,4,4
183,12,4
183,38,4
183,5,2
184,16,5
184,91,5
184,98,2
184,33,4
184,72,3
184,68,5
184,67,2
184,29,1
184,62,5
184,11,2
184,18,1
184,78,4
184,69,1
184,77,5
184,71,3
184,50,1
184,55,3
184,94,3
184,27,1
184,92,4
185,85,2
185,7,5
185,62,3
185,3,1
185,10,4
185,15,2
185,87,1
185,94,2
185,100,5
185,83,4
185,54,4
185,22,5
185,29,2
185,82,1
185,16,2
185,14,1
185,59,5
185,80,3
185,89,1
185,76,4
186,48,4
186,3,1
186,59,3
186,16,1
186,47,3
186,55,5
186,81,3
186,100,1
186,99,4
186,7,1
186,74,1
186,36,5
186,58,2
186,88,1
186,1,5
186,32,4
186,87,5
186,23,5
186,97,3
186,40,2
187,1,3
187,56,2
187,82,1
187,91,4
187,33,2
187,36,4
187,13,1
187,32,4
187,49,2
187,59,3
187,78,1
187,72,2
187,45,5
187,99,5
187,25,5
187,63,3
187,47,4
187,34,4
187,71,4
187,9,3
188,53,1
188,100,1
188,28,5
188,47,4
188,12,3
188,69,2
188,26,1
188,94,1
188,29,1
188,67,4
188,84,4
188,70,3
188,82,2
188,65,4
188,19,5
188,45,4
188,97,1
188,49,2
188,73,3
188,36,4
189,53,3
189,9,4
189,71,3
189,75,1
189,5,2
189,58,2
189,79,4
189,69,2
189,39,4
189,33,3
189,29,3
189,93,1
189,1,2
189,48,1
189,26,5
189,50,1
189,19,4
189,96,4
189,20,1
189,49,3
190,61,1
190,24,2
190,41,4
190,72,2
190,64,3
190,3,3
190,39,2
190,91,4
190,1,4
190,86,1
190,40,3
190,80,3
190,56,1
190,84,2
190,7,3
190,21,2
190,55,4
190,28,5
190,14,1
190,58,3
191,25,1
191,56,3
191,22,1
191,7,1
191,6,3
191,68,2
191,89,1
191,88,5
191,11,2
191,27,2
191,50,1
191,1,3
191,20,2
191,80,3
191,83,5
191,23,3
191,13,4
191,62,3
191,85,2
191,31,3
192,1,2
192,19,4
192,14,2
192,41,1
192,30,1
192,89,3
192,100,1
192,40,5
192,13,5
192,97,2
192,75,4
192,55,5
192,54,2
192,68,4
192,95,1
192,96,2
192,4,4
192,9,3
192,33,3
192,37,5
193,9,1
193,46,2
193,37,3
193,19,3
193,84,5
193,96,2
193,65,1
193,93,2
193,69,5
193,57,3
193,94,5
193,38,4
193,25,3
193,5,5
193,61,1
193,20,1
193,8,1
193,1,4
193,100,2
193,82,1
194,75,3
194,21,4
194,72,4
194,68,5
194,76,1
194,27,5
194,12,1
194,26,4
194,80,1
194,1,2
194,58,5
194,6,5
194,95,5
194,15,3
194,100,3
194,36,4
194,99,4
194,24,3
194,41,5
194,22,3
195,68,3
195,53,4
195,58,4
195,44,4
195,41,1
195,34,2
195,9,5
195,100,3
195,57,2
195,45,3
195,42,2
195,46,5
195,33,3
195,70,5
195,69,3
195,37,1
195,4,1
195,88,3
195,90,3
195,1,5
196,68,4
196,29,4
196,19,2
196,87,4
196,51,1
196,72,1
196,44,2
196,95,4
196,91,3
196,11,3
196,69,5
196,58,2
196,28,5
196,1,3
196,93,3
196,35,3
196,59,5
196,26,2
196,21,1
196,5,1
197,25,2
197,15,1
197,43,3
197,31,4
197,70,4
197,40,1
197,8,2
197,41,3
197,84,2
197,20,3
197,76,2
197,77,1
197,66,5
197,19,3
197,67,1
197,54,4
197,83,4
197,82,2
197,60,4
197,55,5
198,94,3
198,29,1
198,30,4
198,81,2
198,92,2
198,4,1
198,54,1
198,77,3
198,79,2
198,57,4
198,28,1
198,3,1
198,43,1
198,26,4
198,13,2
198,73,4
198,50,4
198,34,3
198,45,1
198,49,2
199,68,1
199,75,3
199,88,1
199,43,2
199,42,4
199,85,3
199,51,4
199,69,1
199,65,1
199,9,1
199,93,4
199,55,3
199,99,3
199,37,2
199,24,4
199,84,2
199,89,2
199,61,2
199,64,2
199,35,1
200,81,3
200,88,5
200,34,1
200,48,2
200,1,1
200,78,1
200,8,2
200,56,1
200,100,4
200,47,4
200,24,2
200,54,2
200,50,3
200,19,3
200,28,1
200,46,1
200,2,2
200,31,1
200,41,5
200,64,4
201,74,4
201,100,2
201,28,3
201,38,1
201,39,1
201,73,4
201,95,4
201,37,1
201,48,4
201,9,4
201,84,4
201,35,4
201,93,4
201,22,5
201,19,5
201,61,5
201,71,1
201,78,3
201,46,1
201,56,5
202,26,5
202,82,3
202,56,4
202,8,5
202,41,2
202,66,3
202,39,1
202,60,1
202,68,5
202,74,4
202,18,2
202,65,5
202,38,2
202,99,2
202,44,2
202,32,3
202,87,5
202,23,3
202,96,4
202,89,4
203,72,3
203,48,3
203,65,1
203,17,1
203,3,2
203,79,1
203,66,5
203,18,2
203,14,2
203,55,2
203,58,5
203,92,2
203,96,2
203,67,3
203,12,3
203,4,1
203,53,1
203,80,4
203,26,5
203,73,3
204,91,3
204,72,4
204,76,1
204,48,3
204,28,2
204,41,3
204,22,3
204,6,2
204,71,5
204,18,5
204,3,3
204,62,3
204,77,4
204,14,5
204,47,2
204,20,3
204,65,3
204,98,4
204,30,4
204,37,4
205,11,5
205,18,4
205,7,2
205,72,4
205,42,5
205,83,2
205,28,4
205,71,1
205,77,3
205,53,2
205,43,1
205,81,5
205,46,3
205,86,2
205,69,3
205,64,2
205,45,2
205,100,4
205,26,3
205,97,3
206,57,5
206,43,3
206,96,4
206,90,4
206,89,4
206,62,5
206,51,4
206,28,2
206,59,1
206,58,1
206,1,3
206,70,5
206,11,1
206,67,5
206,88,3
206,55,4
206,9,3
206,42,2
206,10,4
206,92,4
207,46,3
207,85,2
207,92,2
207,40,2
207,52,4
207,75,1
207,16,5
207,61,3
207,38,2
207,60,1
207,14,3
207,96,4
207,55,5
207,25,3
207,19,5
207,20,3
207,10,4
207,15,1
207,36,5
207,45,5
208,54,1
208,43,1
208,100,4
208,46,2
208,55,2
208,21,4
208,86,4
208,61,1
208,81,3
208,37,4
208,82,2
208,4,2
208,78,1
208,98,3
208,47,5
208,76,4
208,18,4
208,96,1
208,97,3
208,33,2
209,14,3
209,63,5
209,86,3
209,10,2
209,56,2
209,76,2
209,39,4
209,62,4
209,23,4
209,66,4
209,46,4
209,6,5
209,71,3
209,41,5
209,50,3
209,61,5
209,72,2
209,79,1
209,15,4
209,98,1
210,79,4
210,35,3
210,87,3
210,47,2
210,26,1
210,100,2
210,6,4
210,86,1
210,63,2
210,49,4
210,27,1
210,19,5
210,48,5
210,56,2
210,51,3
210,68,1
210,64,2
210,67,3
210,60,3
210,33,1
211,32,2
211,29,3
211,20,5
211,22,3
211,30,4
211,6,2
211,82,5
211,1,2
211,49,2
211,38,1
211,9,3
211,33,2
211,64,2
211,75,4
211,27,4
211,71,4
211,65,2
211,10,5
211,58,3
211,79,2
212,86,2
212,91,1
212,54,5
212,18,1
212,8,3
212,98,5
212,49,1
212,24,1
212,72,4
212,63,3
212,43,2
212,38,2
212,12,4
212,41,1
212,52,4
212,16,4
212,5,3
212,80,5
212,68,1
212,42,2
213,96,3
213,90,5
213,9,2
213,65,2
213,50,4
213,32,5
213,19,5
213,7,4
213,73,3
213,74,1
213,100,4
213,15,3
213,86,5
213,88,4
213,28,1
213,55,2
213,89,4
213,79,1
213,23,1
213,25,4
214,43,2
214,70,2
214,35,2
214,78,1
214,5,2
214,57,1
214,72,1
214,64,4
214,41,4
214,55,2
214,18,3
214,98,4
214,97,4
214,44,3
214,69,5
214,88,2
214,94,5
214,16,5
214,65,1
214,89,1
215,55,3
215,31,4
215,94,2
215,14,4
215,98,4
215,100,3
215,27,4
215,53,2
215,34,3
215,12,5
215,72,4
215,95,4
215,21,1
215,76,5
215,92,5
215,17,2
215,40,5
215,69,1
215,30,2
215,66,5
216,8,2
216,34,4
216,15,4
216,87,3
216,9,2
216,76,3
216,46,1
216,58,3
216,54,2
216,41,2
216,83,4
216,10,1
216,47,5
216,69,4
216,65,3
216,7,3
216,1,2
216,22,2
216,61,2
216,30,5
217,33,5
217,93,3
217,79,5
217,57,2
217,23,1
217,64,3
217,96,1
217,21,1
217,35,3
217,24,3
217,32,1
217,83,4
217,59,4
217,97,3
217,30,1
217,15,1
217,10,2
217,95,1
217,82,4
217,41,2
218,76,4
218,41,4
218,84,5
218,20,3
218,88,4
218,89,3
218,25,1
218,80,2
218,40,3
218,73,1
218,42,2
218,90,4
218,1,4
218,3,4
218,2,5
218,63,5
218,54,5
218,98,5
218,59,1
218,97,1
219,64,2
219,12,2
219,79,4
219,24,3
219,26,5
219,67,2
219,74,1
219,45,5
219,39,2
219,80,5
219,78,1
219,88,5
219,1,5
219,16,1
219,42,1
219,5,1
219,87,4
219,35,1
219,28,5
219,38,1
220,53,5
220,21,3
220,86,5
220,95,4
220,20,2
220,84,2
220,47,3
220,6,5
220,29,1
220,96,4
220,11,5
220,16,1
220,75,4
220,42,4
220,63,2
220,59,3
220,89,5
220,90,4
220,71,5
220,82,4
221,94,2
221,65,5
221,24,3
221,22,4
221,12,3
221,97,3
221,93,2
221,60,4
221,30,2
221,81,1
221,38,2
221,14,5
221,87,2
221,76,1
221,27,2
221,99,1
221,20,4
221,18,2
221,45,1
221,61,4
222,98,3
222,78,4
222,80,5
222,95,4
222,48,2
222,81,3
222,42,5
222,28,3
222,72,1
222,58,5
222,41,1
222,24,5
222,50,2
222,14,3
222,79,3
222,20,4
222,6,5
222,88,5
222,1,1
222,82,5
223,57,2
223,42,3
223,45,2
223,95,4
223,84,5
223,21,1
223,74,5
223,88,2
223,4,4
223,77,1
223,76,4
223,46,1
223,37,1
223,47,1
223,92,2
223,62,4
223,18,3
223,32,3
223,8,3
223,10,4
224,51,5
224,80,1
224,46,5
224,91,3
224,93,2
224,3,2
224,59,2
224,62,5
224,84,2
224,48,2
224,33,5
224,92,1
224,90,2
224,73,2
224,67,2
224,100,3
224,87,5
224,65,2
224,83,3
224,89,1
225,100,3
225,91,2
225,10,1
225,26,3
225,50,5
225,63,5
225,86,2
225,93,2
225,99,5
225,97,3
225,82,3
225,46,3
225,18,1
225,66,1
225,70,3
225,95,5
225,72,2
225,79,4
225,49,2
225,67,2
226,76,2
226,30,1
226,80,2
226,41,2
226,91,3
226,62,4
226,31,3
226,45,3
226,21,4
226,82,3
226,60,4
226,37,1
226,29,4
226,93,5
226,95,4
226,33,4
226,58,5
226,90,4
226,64,2
226,26,3
227,28,2
227,39,1
227,90,2
227,69,3
227,53,4
227,30,1
227,54,2
227,18,1
227,60,3
227,65,3
227,55,2
227,59,5
227,46,1
227,47,1
227,7,3
227,42,1
227,66,2
227,82,4
227,83,3
227,1,4
228,38,4
228,95,2
228,57,2
228,78,1
228,60,4
228,24,1
228,43,2
228,53,3
228,87,3
228,94,5
228,81,3
228,9,4
228,17,5
228,80,4
228,49,3
228,27,3
228,83,2
228,62,4
228,98,1
228,20,2
229,6,5
229,87,3
229,65,2
229,34,2
229,4,2
229,83,1
229,77,3
229,71,3
229,94,3
229,17,3
229,50,3
229,28,4
229,9,3
229,75,3
229,32,1
229,20,1
229,53,3
229,95,4
229,97,3
229,26,3
230,35,3
230,17,1
230,1,5
230,29,3
230,43,4
230,84,3
230,87,1
230,69,1
230,42,5
230,52,4
230,49,5
230,3,4
230,98,4
230,89,5
230,15,3
230,16,2
230,94,4
230,40,1
230,78,5
230,13,3
231,50,1
231,36,4
231,80,2
231,56,5
231,51,2
231,89,2
231,85,5
231,81,4
231,92,1
231,48,2
231,40,2
231,42,4
231,54,4
231,11,3
231,83,4
231,70,4
231,96,2
231,29,1
231,100,2
231,57,4
232,7,2
232,60,1
232,49,2
232,98,2
232,78,5
232,34,5
232,82,5
232,54,5
232,9,4
232,41,3
232,56,5
232,15,1
232,61,2
232,21,5
232,35,1
232,43,4
232,80,1
232,30,1
232,50,4
232,79,4
233,94,3
233,59,1
233,67,2
233,29,2
233,51,4
233,53,2
233,96,2
233,95,5
233,56,5
233,61,4
233,20,3
233,22,4
233,3,4
233,17,1
233,100,2
233,80,1
233,5,2
233,91,4
233,38,2
233,1,3
234,70,4
234,57,5
234,52,4
234,68,4
234,86,5
234,82,3
234,29,2
234,39,5
234,33,5
234,60,1
234,100,2
234,46,3
234,91,5
234,47,3
234,51,5
234,79,5
234,90,1
234,72,4
234,3,2
234,66,1
235,99,2
235,56,5
235,82,3
235,39,4
235,17,2
235,34,5
235,85,3
235,63,2
235,100,4
235,21,5
235,18,2
235,72,4
235,29,4
235,76,3
235,93,4
235,10,4
235,84,1
235,7,4
235,20,5
235,48,2
236,89,4
236,69,2
236,42,5
236,87,4
236,71,2
236,19,4
236,84,4
236,17,5
236,11,3
236,24,2
236,53,4
236,29,4
236,74,1
236,21,3
236,60,5
236,13,2
236,20,4
236,61,2
236,62,5
236,64,3
237,3,5
237,18,5
237,70,5
237,75,1
237,8,1
237,89,2
237,11,1
237,22,4
237,90,3
237,69,3
237,61,3
237,94,3
237,39,5
237,53,5
237,24,4
237,81,2
237,35,1
237,23,1
237,46,5
237,88,3
238,92,5
238,73,1
238,61,2
238,99,2
238,30,1
238,60,2
238,16,4
238,95,4
238,17,5
238,28,5
238,62,2
238,25,1
238,85,4
238,87,3
238,63,5
238,90,4
238,57,2
238,8,4
238,68,4
238,72,2
239,91,1
239,3,1
239,44,5
239,83,1
239,34,3
239,30,2
239,66,5
239,50,3
239,61,1
239,18,1
239,43,2
239,48,3
239,55,3
239,9,5
239,51,1
239,24,4
239,26,5
239,47,5
239,10,5
239,73,2
240,56,2
240,64,1
240,30,1
240,83,1
240,48,2
240,51,4
240,71,5
240,33,1
240,14,5
240,45,5
240,23,2
240,38,4
240,86,2
240,16,1
240,58,2
240,25,2
240,12,2
240,8,1
240,9,1
240,66,2
241,79,2
241,25,4
241,80,2
241,57,5
241,6,1
241,53,1
241,90,3
241,39,1
241,89,2
241,63,5
241,70,3
241,35,2
241,81,1
241,36,4
241,93,2
241,20,4
241,5,4
241,84,3
241,65,5
241,33,1
242,74,5
242,1,5
242,63,1
242,6,5
242,84,1
242,41,2
242,25,3
242,67,5
242,20,4
242,45,4
242,44,5
242,85,1
242,52,4
242,62,4
242,38,2
242,17,2
242,60,2
242,28,4
242,40,4
242,31,5
243,74,5
243,89,1
243,96,5
243,78,3
243,79,2
243,88,2
243,99,5
243,11,4
243,62,5
243,54,5
243,16,1
243,69,4
243,4,5
243,18,3
243,81,2
243,56,3
243,26,3
243,95,3
243,40,4
243,70,4
244,6,5
244,42,3
244,44,2
244,31,3
244,7,4
244,78,1
244,72,1
244,100,2
244,52,5
244,68,1
244,23,3
244,71,4
244,99,5
244,96,5
244,83,5
244,33,1
244,11,5
244,35,2
244,8,3
244,57,4
245,100,2
245,43,1
245,75,2
245,98,4
245,12,2
245,5,3
245,45,1
245,83,4
245,62,3
245,6,2
245,11,2
245,52,3
245,26,2
245,82,1
245,38,5
245,44,2
245,61,4
245,79,2
245,16,4
245,8,2
246,41,4
246,98,5
246,5,4
246,53,1
246,13,1
246,87,1
246,48,2
246,76,1
246,65,1
246,39,4
246,3,5
246,51,5
246,82,1
246,30,1
246,12,1
246,80,4
246,34,4
246,89,4
246,18,5
246,10,2
247,12,3
247,43,2
247,26,1
247,86,1
247,10,1
247,31,5
247,21,4
247,50,2
247,57,1
247,49,4
247,55,4
247,23,4
247,66,2
247,51,4
247,32,1
247,77,1
247,78,3
247,27,5
247,17,4
247,28,5
248,76,5
248,71,5
248,5,4
248,18,4
248,57,5
248,53,3
248,8,5
248,72,5
248,43,5
248,54,4
248,96,4
248,7,5
248,14,4
248,31,5
248,55,3
248,3,4
248,78,1
248,9,4
248,32,3
248,40,3
249,46,1
249,31,4
249,47,3
249,69,1
249,92,3
249,2,5
249,8,3
249,22,5
249,87,1
249,19,5
249,33,3
249,90,5
249,54,4
249,7,5
249,64,5
249,61,2
249,82,4
249,99,1
249,85,5
249,55,4
250,73,2
250,48,1
250,83,3
250,25,1
250,80,1
250,42,1
250,86,2
250,8,3
250,76,1
250,90,3
250,34,4
250,60,1
250,87,1
250,58,1
250,18,4
250,7,4
250,92,2
250,4,5
250,2,3
250,5,5
251,37,3
251,26,3
251,55,1
251,35,5
251,8,5
251,42,2
251,5,5
251,20,4
251,73,4
251,88,2
251,94,3
251,79,2
251,82,1
251,32,2
251,69,2
251,77,4
251,54,1
251,4,1
251,41,2
251,6,1
252,43,1
252,25,3
252,65,5
252,60,4
252,4,5
252,52,2
252,76,2
252,55,1
252,61,5
252,97,3
252,70,4
252,78,5
252,54,5
252,26,4
252,31,5
252,16,5
252,85,4
252,59,3
252,22,4
252,41,1
253,97,1
253,8,1
253,11,3
253,54,2
253,73,3
253,7,3
253,19,4
253,84,3
253,2,2
253,87,1
253,66,5
253,65,3
253,93,3
253,70,4
253,100,4
253,36,3
253,64,3
253,60,2
253,48,1
253,27,1
254,74,3
254,69,3
254,35,5
254,78,2
254,19,2
254,15,1
254,87,3
254,85,4
254,52,1
254,4,1
254,8,5
254,76,4
254,12,3
254,2,3
254,62,3
254,98,1
254,64,5
254,79,1
254,31,2
254,1,2
255,62,5
255,61,3
255,96,2
255,64,5
255,91,5
255,36,4
255,12,3
255,21,5
255,87,2
255,74,1
255,39,1
255,50,3
255,67,1
255,47,4
255,60,4
255,69,2
255,46,3
255,19,3
255,11,1
255,49,5
256,87,4
256,40,5
256,68,3
256,97,2
256,31,1
256,49,1
256,82,3
256,54,2
256,78,3
256,36,2
256,6,5
256,89,5
256,73,4
256,70,4
256,21,5
256,47,4
256,42,5
256,3,3
256,41,1
256,4,5
257,68,4
257,86,3
257,90,2
257,20,3
257,41,5
257,39,2
257,22,5
257,7,4
257,55,1
257,9,3
257,62,3
257,52,5
257,32,5
257,49,1
257,23,3
257,98,1
257,6,5
257,51,5
257,95,2
257,4,5
258,20,4
258,59,5
258,95,2
258,61,2
258,76,5
258,28,2
258,41,1
258,47,5
258,93,3
258,29,3
258,63,3
258,7,4
258,55,5
258,89,5
258,17,2
258,25,5
258,33,5
258,22,2
258,4,5
258,12,5
259,65,3
259,51,5
259,31,5
259,34,3
259,58,5
259,85,5
259,43,5
259,45,5
259,61,1
259,75,3
259,68,3
259,88,2
259,87,4
259,77,2
259,92,5
259,66,5
259,13,1
259,50,1
259,18,1
259,86,1
260,37,5
260,46,2
260,33,3
260,66,3
260,25,2
260,30,5
260,61,3
260,7,1
260,29,2
260,59,1
260,50,1
260,67,4
260,39,1
260,34,1
260,17,4
260,26,4
260,3,4
260,65,5
260,42,4
260,83,5
261,71,5
261,32,3
261,3,2
261,52,3
261,83,2
261,37,3
261,72,3
261,76,2
261,86,5
261,67,1
261,96,5
261,5,1
261,97,2
261,33,4
261,51,5
261,23,3
261,17,5
261,62,2
261,57,4
261,74,4
262,70,5
262,89,3
262,82,3
262,30,3
262,67,2
262,56,4
262,80,5
262,74,1
262,36,3
262,59,1
262,75,5
262,3,4
262,64,1
262,69,5
262,68,5
262,17,3
262,20,4
262,12,5
262,11,4
262,71,3
263,100,4
263,39,4
263,53,3
263,83,4
263,65,5
263,70,5
263,16,4
263,98,1
263,66,2
263,25,5
263,68,4
263,6,4
263,73,5
263,1,3
263,61,2
263,17,5
263,58,4
263,81,3
263,33,5
263,74,2
264,88,1
264,68,4
264,99,5
264,38,4
264,75,4
264,27,4
264,60,3
264,91,1
264,22,3
264,13,5
264,4,2
264,31,5
264,58,1
264,48,2
264,44,5
264,81,1
264,6,5
264,30,2
264,78,2
264,61,5
265,73,2
265,28,5
265,5,2
265,69,3
265,78,4
265,95,5
265,2,4
265,82,1
265,64,3
265,20,3
265,22,4
265,99,3
265,72,4
265,9,1
265,98,1
265,7,4
265,25,2
265,33,2
265,21,1
265,89,5
266,15,1
266,85,2
266,59,4
266,47,4
266,99,3
266,100,1
266,9,4
266,2,3
266,94,5
266,61,3
266,31,2
266,87,2
266,72,5
266,4,1
266,14,2
266,73,2
266,18,3
266,54,3
266,62,3
266,40,4
267,91,4
267,31,5
267,72,4
267,85,2
267,37,1
267,6,3
267,46,2
267,21,5
267,26,4
267,4,1
267,60,4
267,44,4
267,79,4
267,45,4
267,87,1
267,32,2
267,17,5
267,29,2
267,43,1
267,68,5
268,85,2
268,87,5
268,13,1
268,73,5
268,14,4
268,7,2
268,96,5
268,92,1
268,57,1
268,45,5
268,21,5
268,93,4
268,86,2
268,65,3
268,70,4
268,32,4
268,77,4
268,62,1
268,80,5
268,74,2
269,49,5
269,75,4
269,40,4
269,34,5
269,99,4
269,65,4
269,56,4
269,31,2
269,5,5
269,10,5
269,20,5
269,6,4
269,91,2
269,54,5
269,14,3
269,62,5
269,89,1
269,24,3
269,71,5
269,48,4
270,84,4
270,72,2
270,48,2
270,2,5
270,89,2
270,90,2
270,50,2
270,53,1
270,31,3
270,8,3
270,67,2
270,92,5
270,76,5
270,81,5
270,74,3
270,88,4
270,34,2
270,56,3
270,10,5
270,78,3
271,82,2
271,48,2
271,17,1
271,1,2
271,72,1
271,94,2
271,70,2
271,7,5
271,34,2
271,100,1
271,25,3
271,22,3
271,24,3
271,86,1
271,18,1
271,28,3
271,88,2
271,60,3
271,33,4
271,96,1
272,45,3
272,73,4
272,34,5
272,71,3
272,88,3
272,65,1
272,81,5
272,12,4
272,90,1
272,70,3
272,28,2
272,5,3
272,57,2
272,20,1
272,86,4
272,19,5
272,16,2
272,83,5
272,7,1
272,95,1
273,31,5
273,40,5
273,53,4
273,81,2
273,43,2
273,79,3
273,62,4
273,90,2
273,84,1
273,61,3
273,47,4
273,75,1
273,24,2
273,86,2
273,51,2
273,28,2
273,59,5
273,17,3
273,97,3
273,49,2
274,63,4
274,28,3
274,77,1
274,81,3
274,86,4
274,58,5
274,46,3
274,24,2
274,22,1
274,21,5
274,97,3
274,26,5
274,71,2
274,65,3
274,91,5
274,10,3
274,6,3
274,53,5
274,49,3
274,36,2
275,18,3
275,79,2
275,30,4
275,95,4
275,90,3
275,39,2
275,33,4
275,15,3
275,78,3
275,60,3
275,92,4
275,73,1
275,59,2
275,49,5
275,72,5
275,99,2
275,6,1
275,66,2
275,56,3
275,28,2
276,24,2
276,39,2
276,93,4
276,19,5
276,71,5
276,83,5
276,38,4
276,21,5
276,45,5
276,46,5
276,8,5
276,66,2
276,41,3
276,3,2
276,94,5
276,57,1
276,53,1
276,11,4
276,52,2
276,17,4
277,82,2
277,80,1
277,68,3
277,39,2
277,97,1
277,96,3
277,70,5
277,30,1
277,59,3
277,62,4
277,17,2
277,31,1
277,93,5
277,78,1
277,2,2
277,1,2
277,84,3
277,47,5
277,33,3
277,74,5
278,42,2
278,83,1
278,69,4
278,91,5
278,29,5
278,89,2
278,2,5
278,54,1
278,51,4
278,77,2
278,5,3
278,6,5
278,62,5
278,12,2
278,67,5
278,64,5
278,4,3
278,58,1
278,61,2
278,13,2
279,61,3
279,18,4
279,35,3
279,27,1
279,19,5
279,44,5
279,10,4
279,52,2
279,47,2
279,54,4
279,85,4
279,21,3
279,5,2
279,96,5
279,77,4
279,74,5
279,45,5
279,1,2
279,12,5
279,9,3
280,43,3
280,53,3
280,42,1
280,81,2
280,8,3
280,2,1
280,74,1
280,45,5
280,56,5
280,65,2
280,67,2
280,75,2
280,20,1
280,14,1
280,73,5
280,1,3
280,15,2
280,89,4
280,17,2
280,76,5
281,96,2
281,82,1
281,30,2
281,47,4
281,81,3
281,27,5
281,28,4
281,9,1
281,7,5
281,62,2
281,11,4
281,4,5
281,23,4
281,87,2
281,48,4
281,19,1
281,29,5
281,54,5
281,91,5
281,84,4
282,89,5
282,4,4
282,2,1
282,88,3
282,76,1
282,8,2
282,81,1
282,98,1
282,82,4
282,29,2
282,57,5
282,75,5
282,17,5
282,9,3
282,16,5
282,42,3
282,34,1
282,40,5
282,45,4
282,28,2
283,83,4
283,54,2
283,88,1
283,42,1
283,29,1
283,1,1
283,2,3
283,43,2
283,48,2
283,87,3
283,53,1
283,72,5
283,82,5
283,63,3
283,92,5
283,99,4
283,59,2
283,13,5
283,62,4
283,65,2
284,74,1
284,92,3
284,41,4
284,52,4
284,69,3
284,2,1
284,75,4
284,20,5
284,50,4
284,67,1
284,24,2
284,19,2
284,8,2
284,61,1
284,76,2
284,3,2
284,42,1
284,71,5
284,46,4
284,9,1
285,88,3
285,34,5
285,37,3
285,18,1
285,55,2
285,93,5
285,68,2
285,87,3
285,36,4
285,5,5
285,17,3
285,89,5
285,57,4
285,49,1
285,15,1
285,95,1
285,69,4
285,16,2
285,83,4
285,43,4
286,68,3
286,73,4
286,71,2
286,92,4
286,22,2
286,57,4
286,10,4
286,63,4
286,95,5
286,19,4
286,56,3
286,34,1
286,12,4
286,62,1
286,46,1
286,20,3
286,26,1
286,100,1
286,6,1
286,96,2
287,2,5
287,51,1
287,31,5
287,77,3
287,60,2
287,47,5
287,68,4
287,64,1
287,34,2
287,44,5
287,39,4
287,65,2
287,21,3
287,90,5
287,22,5
287,79,3
287,94,5
287,37,1
287,97,5
287,3,1
288,2,1
288,10,3
288,45,3
288,100,4
288,37,4
288,95,2
288,28,2
288,50,4
288,99,3
288,39,1
288,32,4
288,64,1
288,92,2
288,14,1
288,25,4
288,43,3
288,89,4
288,20,5
288,69,5
288,34,5
289,9,4
289,13,2
289,70,5
289,36,1
289,68,1
289,62,4
289,15,2
289,27,2
289,51,3
289,95,1
289,72,1
289,75,1
289,31,1
289,12,5
289,23,2
289,8,3
289,65,5
289,89,2
289,16,4
289,54,1
290,29,3
290,63,5
290,36,2
290,35,4
290,44,1
290,61,5
290,70,2
290,2,1
290,51,2
290,42,5
290,100,2
290,57,4
290,90,2
290,96,5
290,91,2
290,81,1
290,88,1
290,78,3
290,59,3
290,99,4
291,100,5
291,8,4
291,39,2
291,74,3
291,38,4
291,16,3
291,3,4
291,17,1
291,96,3
291,64,5
291,62,5
291,89,4
291,69,5
291,13,5
291,26,3
291,85,4
291,94,3
291,73,4
291,76,5
291,30,4
292,2,2
292,85,4
292,17,3
292,44,1
292,16,5
292,69,3
292,86,4
292,87,3
292,79,4
292,1,3
292,5,2
292,33,3
292,94,2
292,4,4
292,63,5
292,53,5
292,81,3
292,82,1
292,93,3
292,22,2
293,57,2
293,2,2
293,37,5
293,77,5
293,1,3
293,32,5
293,92,2
293,11,4
293,20,2
293,49,3
293,79,4
293,100,5
293,65,4
293,8,3
293,6,5
293,82,1
293,12,2
293,9,2
293,47,3
293,48,3
294,59,4
294,66,4
294,23,2
294,48,1
294,75,1
294,52,2
294,20,1
294,43,5
294,93,4
294,92,5
294,73,5
294,85,5
294,7,3
294,37,3
294,30,5
294,47,4
294,76,5
294,68,5
294,8,3
294,63,5
295,83,2
295,50,2
295,21,1
295,80,3
295,32,4
295,82,5
295,9,5
295,43,1
295,24,1
295,76,1
295,6,3
295,14,5
295,56,3
295,78,3
295,30,4
295,51,3
295,61,3
295,73,4
295,33,2
295,98,4
296,83,2
296,45,4
296,9,4
296,63,1
296,92,2
296,70,1
296,73,1
296,78,1
296,17,3
296,94,5
296,41,2
296,44,3
296,34,5
296,35,1
296,26,4
296,88,3
296,98,2
296,54,2
296,66,5
296,49,3
297,92,4
297,52,1
297,60,4
297,77,5
297,32,4
297,71,3
297,42,3
297,2,2
297,74,4
297,76,5
297,66,3
297,28,2
297,51,5
297,98,5
297,57,5
297,26,1
297,41,3
297,6,1
297,44,1
297,49,3
298,98,3
298,41,3
298,45,3
298,63,2
298,48,3
298,9,5
298,46,1
298,21,3
298,16,2
298,78,1
298,100,1
298,55,4
298,25,3
298,87,3
298,73,2
298,68,5
298,94,5
298,28,4
298,83,5
298,60,2
299,63,5
299,43,2
299,53,1
299,93,1
299,62,5
299,50,1
299,3,5
299,91,5
299,71,5
299,25,2
299,98,4
299,78,1
299,51,1
299,42,2
299,77,2
299,48,5
299,87,5
299,46,4
299,86,1
299,81,2
300,22,2
300,70,1
300,53,4
300,76,2
300,90,2
300,73,3
300,25,4
300,67,5
300,37,5
300,34,3
300,94,5
300,62,1
300,10,5
300,33,1
300,93,3
300,61,3
300,42,1
300,66,5
300,98,3
300,47,3
